,date,n_sick,calls,temp,drivers_predicted
0,2016-04-01,73,8154.0,8.3,1631.1856140177395
1,2016-04-02,64,8526.0,10.2,1705.5852416550767
2,2016-04-03,68,8088.0,13.5,1617.9856800820828
3,2016-04-04,71,7044.0,15.8,1409.1867250998778
4,2016-04-05,63,7236.0,15.7,1447.586532912697
5,2016-04-06,70,6492.0,12.0,1298.7872776380223
6,2016-04-07,64,6204.0,10.0,1241.1875659187933
7,2016-04-08,62,7614.0,8.5,1523.186154544185
8,2016-04-09,51,5706.0,8.7,1141.5880644042932
9,2016-04-10,54,6606.0,8.3,1321.5871635268838
10,2016-04-11,50,6822.0,9.5,1364.7869473163055
11,2016-04-12,49,6060.0,10.8,1212.3877100591787
12,2016-04-13,53,5964.0,12.9,1193.187806152769
13,2016-04-14,52,5928.0,8.8,1185.9878421878655
14,2016-04-15,63,7608.0,8.9,1521.9861605500346
15,2016-04-16,55,6768.0,10.7,1353.9870013689501
16,2016-04-17,51,7242.0,8.9,1448.7865269068477
17,2016-04-18,59,6768.0,8.2,1353.9870013689501
18,2016-04-19,57,8676.0,10.1,1735.585091508842
19,2016-04-20,53,6270.0,9.1,1254.38749985445
20,2016-04-21,63,7818.0,8.9,1563.9859503453056
21,2016-04-22,68,5712.0,8.7,1142.7880583984438
22,2016-04-23,62,5166.0,6.9,1033.588604930739
23,2016-04-24,71,4884.0,4.3,977.1888872056605
24,2016-04-25,72,5880.0,5.3,1176.3878902346607
25,2016-04-26,65,6576.0,5.4,1315.5871935561306
26,2016-04-27,62,7620.0,5.4,1524.3861485383356
27,2016-04-28,66,6870.0,5.6,1374.3868992695102
28,2016-04-29,64,7554.0,9.3,1511.186214602679
29,2016-04-30,65,5424.0,13.2,1085.1883466792149
30,2016-05-01,54,8400.0,13.5,1680.385367777914
31,2016-05-02,63,7782.0,13.6,1556.785986380402
32,2016-05-03,61,7716.0,12.7,1543.5860524447453
33,2016-05-04,58,8340.0,10.5,1668.385427836408
34,2016-05-05,57,8064.0,14.2,1613.1857041054805
35,2016-05-06,59,7404.0,17.8,1481.186364748914
36,2016-05-07,57,8868.0,19.4,1773.9848993216613
37,2016-05-08,61,6504.0,19.3,1301.1872656263236
38,2016-05-09,65,7788.0,19.9,1557.9859803745526
39,2016-05-10,68,6978.0,19.4,1395.9867911642211
40,2016-05-11,61,7512.0,20.0,1502.786256643625
41,2016-05-12,55,7434.0,19.2,1487.186334719667
42,2016-05-13,56,8370.0,16.6,1674.385397807161
43,2016-05-14,50,8136.0,10.1,1627.5856320352875
44,2016-05-15,57,7674.0,8.7,1535.1860944856912
45,2016-05-16,52,9048.0,9.7,1809.9847191461793
46,2016-05-17,53,8550.0,9.4,1710.3852176316793
47,2016-05-18,52,8184.0,14.7,1637.1855839884925
48,2016-05-19,51,8352.0,17.8,1670.7854158247094
49,2016-05-20,57,5790.0,17.7,1158.3879803224017
50,2016-05-21,56,8382.0,19.0,1676.7853857954624
51,2016-05-22,58,6516.0,22.5,1303.5872536146246
52,2016-05-23,57,7824.0,20.9,1565.1859443394562
53,2016-05-24,55,6312.0,15.9,1262.7874578135043
54,2016-05-25,49,8196.0,13.8,1639.5855719767937
55,2016-05-26,46,8124.0,14.0,1625.1856440469865
56,2016-05-27,50,6084.0,16.2,1217.1876860357813
57,2016-05-28,50,6174.0,18.8,1235.1875959480403
58,2016-05-29,52,6984.0,21.6,1397.1867851583718
59,2016-05-30,59,8670.0,21.2,1734.3850975146913
60,2016-05-31,59,8004.0,20.0,1601.1857641639742
61,2016-06-01,64,7656.0,19.7,1531.5861125032393
62,2016-06-02,63,8298.0,20.7,1659.9854698773538
63,2016-06-03,69,8922.0,22.4,1784.7848452690166
64,2016-06-04,67,9426.0,22.3,1885.5843407776674
65,2016-06-05,61,8514.0,22.0,1703.1852536667757
66,2016-06-06,62,9426.0,20.3,1885.5843407776674
67,2016-06-07,53,9414.0,20.0,1883.1843527893661
68,2016-06-08,50,7260.0,20.1,1452.3865088892994
69,2016-06-09,48,6762.0,17.9,1352.7870073747995
70,2016-06-10,53,7230.0,16.3,1446.3865389185464
71,2016-06-11,51,7710.0,17.1,1542.3860584505949
72,2016-06-12,59,6462.0,16.8,1292.7873076672693
73,2016-06-13,66,8790.0,15.1,1758.3849773977033
74,2016-06-14,58,8160.0,17.5,1632.38560801189
75,2016-06-15,53,8538.0,15.8,1707.985229643378
76,2016-06-16,55,8094.0,18.0,1619.1856740762335
77,2016-06-17,54,6918.0,15.7,1383.9868512227151
78,2016-06-18,54,6894.0,17.1,1379.1868752461128
79,2016-06-19,56,6840.0,17.0,1368.3869292987572
80,2016-06-20,57,8562.0,17.8,1712.7852056199804
81,2016-06-21,60,8754.0,18.9,1751.1850134327997
82,2016-06-22,61,8058.0,22.3,1611.9857101113298
83,2016-06-23,60,8316.0,26.2,1663.5854518598057
84,2016-06-24,53,5916.0,28.3,1183.5878541995644
85,2016-06-25,45,7272.0,25.9,1454.7864968776007
86,2016-06-26,48,7794.0,19.2,1559.1859743687032
87,2016-06-27,50,8964.0,18.8,1793.184803228071
88,2016-06-28,44,7788.0,18.7,1557.9859803745526
89,2016-06-29,44,6600.0,19.9,1320.3871695327332
90,2016-06-30,48,6708.0,20.4,1341.987061427444
91,2016-07-01,41,8742.0,22.9,1748.7850254444986
92,2016-07-02,40,7116.0,18.7,1423.586653029685
93,2016-07-03,46,8376.0,16.7,1675.5853918013117
94,2016-07-04,50,8526.0,17.7,1705.5852416550767
95,2016-07-05,47,8550.0,20.3,1710.3852176316793
96,2016-07-06,51,9702.0,16.0,1940.784064508595
97,2016-07-07,60,8442.0,17.0,1688.7853257369684
98,2016-07-08,64,9024.0,20.3,1805.184743169577
99,2016-07-09,69,8532.0,18.4,1706.7852356492274
100,2016-07-10,70,7374.0,25.0,1475.186394778161
101,2016-07-11,70,9492.0,24.5,1898.784274713324
102,2016-07-12,52,8130.0,21.6,1626.385638041137
103,2016-07-13,48,9012.0,17.2,1802.7847551812756
104,2016-07-14,48,9228.0,15.5,1845.9845389706975
105,2016-07-15,54,7626.0,15.3,1525.5861425324863
106,2016-07-16,58,6234.0,18.4,1247.1875358895463
107,2016-07-17,63,5592.0,19.5,1118.7881785154318
108,2016-07-18,67,7452.0,18.3,1490.7863167021187
109,2016-07-19,62,6744.0,19.3,1349.1870253923476
110,2016-07-20,69,6870.0,22.3,1374.3868992695102
111,2016-07-21,73,6924.0,23.7,1385.1868452168658
112,2016-07-22,67,8844.0,23.8,1769.184923345059
113,2016-07-23,63,6450.0,22.3,1290.387319678968
114,2016-07-24,60,5892.0,22.9,1178.787878222962
115,2016-07-25,62,7368.0,24.7,1473.9864007840104
116,2016-07-26,53,7488.0,23.1,1497.9862806670224
117,2016-07-27,49,6684.0,20.0,1337.1870854508416
118,2016-07-28,51,7062.0,21.0,1412.7867070823295
119,2016-07-29,50,6978.0,21.4,1395.9867911642211
120,2016-07-30,49,6480.0,20.9,1296.387289649721
121,2016-07-31,51,6210.0,19.5,1242.387559912944
122,2016-08-01,53,10536.0,17.2,2107.583229695529
123,2016-08-02,51,10392.0,15.9,2078.7833738359145
124,2016-08-03,49,9516.0,19.1,1903.5842506899264
125,2016-08-04,52,9840.0,19.9,1968.383926374059
126,2016-08-05,49,9258.0,18.3,1851.9845089414505
127,2016-08-06,44,9006.0,17.4,1801.5847611871252
128,2016-08-07,46,5904.0,18.9,1181.187866211263
129,2016-08-08,40,7428.0,21.0,1485.9863407255164
130,2016-08-09,37,6840.0,16.0,1368.3869292987572
131,2016-08-10,38,7506.0,13.4,1501.5862626494743
132,2016-08-11,45,8526.0,13.5,1705.5852416550767
133,2016-08-12,43,8256.0,16.1,1651.5855119182997
134,2016-08-13,38,6762.0,21.3,1352.7870073747995
135,2016-08-14,38,5778.0,18.4,1155.9879923341005
136,2016-08-15,42,7404.0,16.0,1481.186364748914
137,2016-08-16,44,7134.0,15.1,1427.1866350121368
138,2016-08-17,47,6540.0,15.0,1308.3872295912272
139,2016-08-18,46,8670.0,15.9,1734.3850975146913
140,2016-08-19,45,8028.0,19.7,1605.9857401405768
141,2016-08-20,36,6318.0,20.4,1263.9874518076547
142,2016-08-21,44,8214.0,17.6,1643.1855539592455
143,2016-08-22,49,6654.0,18.7,1331.1871154800886
144,2016-08-23,48,8082.0,19.6,1616.7856860879322
145,2016-08-24,49,8430.0,22.3,1686.385337748667
146,2016-08-25,52,7140.0,23.3,1428.3866290062874
147,2016-08-26,55,8082.0,25.7,1616.7856860879322
148,2016-08-27,48,7626.0,24.3,1525.5861425324863
149,2016-08-28,49,6990.0,25.6,1398.3867791525224
150,2016-08-29,60,6840.0,19.7,1368.3869292987572
151,2016-08-30,59,8592.0,16.7,1718.7851755907334
152,2016-08-31,54,8886.0,19.2,1777.584881304113
153,2016-09-01,52,9318.0,20.2,1863.9844488829565
154,2016-09-02,61,9366.0,19.6,1873.5844008361614
155,2016-09-03,55,7380.0,20.9,1476.3863887723116
156,2016-09-04,69,7536.0,18.1,1507.5862326202273
157,2016-09-05,73,7548.0,17.2,1509.9862206085286
158,2016-09-06,67,7560.0,17.0,1512.3862085968296
159,2016-09-07,64,8568.0,19.1,1713.985199614131
160,2016-09-08,67,8748.0,22.4,1749.9850194386493
161,2016-09-09,62,6582.0,20.9,1316.7871875502813
162,2016-09-10,59,7374.0,20.9,1475.186394778161
163,2016-09-11,68,8202.0,23.2,1640.7855659709442
164,2016-09-12,72,6564.0,24.1,1313.1872055678296
165,2016-09-13,65,7230.0,24.7,1446.3865389185464
166,2016-09-14,68,8514.0,23.2,1703.1852536667757
167,2016-09-15,75,8280.0,20.9,1656.385487894902
168,2016-09-16,71,7824.0,20.9,1565.1859443394562
169,2016-09-17,74,6660.0,17.9,1332.3871094742392
170,2016-09-18,81,6126.0,16.1,1225.5876439948354
171,2016-09-19,75,7926.0,15.7,1585.5858422400165
172,2016-09-20,72,7362.0,13.9,1472.7864067898597
173,2016-09-21,80,8532.0,15.5,1706.7852356492274
174,2016-09-22,77,8286.0,14.0,1657.5854818890527
175,2016-09-23,76,5808.0,15.9,1161.9879623048535
176,2016-09-24,71,7842.0,14.6,1568.785926321908
177,2016-09-25,79,5328.0,16.0,1065.9884427728052
178,2016-09-26,80,8550.0,15.5,1710.3852176316793
179,2016-09-27,90,7638.0,15.7,1527.9861305207876
180,2016-09-28,89,6924.0,17.0,1385.1868452168658
181,2016-09-29,89,8172.0,20.6,1634.7855960001912
182,2016-09-30,91,8520.0,15.6,1704.3852476609263
183,2016-10-01,72,6492.0,12.9,1298.7872776380223
184,2016-10-02,77,7872.0,12.9,1574.7858962926612
185,2016-10-03,83,8004.0,12.2,1601.1857641639742
186,2016-10-04,85,7398.0,12.6,1479.9863707547634
187,2016-10-05,83,8136.0,8.9,1627.5856320352875
188,2016-10-06,77,7020.0,10.6,1404.3867491232754
189,2016-10-07,84,6072.0,10.0,1214.78769804748
190,2016-10-08,77,7176.0,9.4,1435.586592971191
191,2016-10-09,81,7842.0,8.3,1568.785926321908
192,2016-10-10,91,7818.0,7.4,1563.9859503453056
193,2016-10-11,80,7908.0,7.8,1581.9858602575646
194,2016-10-12,81,6396.0,7.3,1279.5873737316126
195,2016-10-13,84,6930.0,7.2,1386.3868392110164
196,2016-10-14,90,7728.0,8.1,1545.9860404330466
197,2016-10-15,86,6954.0,8.8,1391.1868151876188
198,2016-10-16,86,7614.0,8.9,1523.186154544185
199,2016-10-17,90,6666.0,7.8,1333.5871034683898
200,2016-10-18,78,7200.0,9.7,1440.3865689477934
201,2016-10-19,75,8094.0,9.5,1619.1856740762335
202,2016-10-20,73,7440.0,8.1,1488.3863287138176
203,2016-10-21,77,6234.0,8.0,1247.1875358895463
204,2016-10-22,75,6660.0,7.6,1332.3871094742392
205,2016-10-23,70,5004.0,7.8,1001.1887670886726
206,2016-10-24,73,8544.0,7.8,1709.1852236375287
207,2016-10-25,59,6204.0,8.3,1241.1875659187933
208,2016-10-26,57,6108.0,6.6,1221.9876620123837
209,2016-10-27,60,6366.0,8.7,1273.5874037608596
210,2016-10-28,61,5430.0,11.4,1086.3883406733655
211,2016-10-29,50,7980.0,8.9,1596.3857881873719
212,2016-10-30,59,5730.0,7.4,1146.3880403808957
213,2016-10-31,71,5874.0,7.0,1175.18789624051
214,2016-11-01,65,9600.0,9.9,1920.3841666080348
215,2016-11-02,66,6576.0,5.9,1315.5871935561306
216,2016-11-03,62,8352.0,3.2,1670.7854158247094
217,2016-11-04,62,6984.0,5.8,1397.1867851583718
218,2016-11-05,47,5562.0,6.6,1112.7882085446788
219,2016-11-06,48,6366.0,5.6,1273.5874037608596
220,2016-11-07,57,7098.0,4.2,1419.9866710472331
221,2016-11-08,57,6552.0,3.1,1310.7872175795283
222,2016-11-09,55,6966.0,1.3,1393.5868031759198
223,2016-11-10,55,5730.0,0.8,1146.3880403808957
224,2016-11-11,57,7110.0,0.8,1422.3866590355344
225,2016-11-12,44,7140.0,-1.1,1428.3866290062874
226,2016-11-13,48,6072.0,-1.9,1214.78769804748
227,2016-11-14,58,7710.0,-0.1,1542.3860584505949
228,2016-11-15,64,8190.0,3.0,1638.385577982643
229,2016-11-16,61,5598.0,7.8,1119.9881725095825
230,2016-11-17,62,6684.0,9.5,1337.1870854508416
231,2016-11-18,64,6276.0,9.7,1255.5874938486006
232,2016-11-19,59,5820.0,6.3,1164.3879502931547
233,2016-11-20,72,5160.0,7.0,1032.3886109365883
234,2016-11-21,70,7998.0,9.9,1599.9857701698238
235,2016-11-22,67,6852.0,10.0,1370.7869172870585
236,2016-11-23,73,8256.0,7.5,1651.5855119182997
237,2016-11-24,78,7494.0,5.4,1499.186274661173
238,2016-11-25,76,7722.0,1.8,1544.786046438896
239,2016-11-26,67,6438.0,0.8,1287.987331690667
240,2016-11-27,65,5526.0,4.1,1105.5882445797752
241,2016-11-28,62,6558.0,-0.3,1311.987211573679
242,2016-11-29,55,6624.0,-3.0,1325.1871455093356
243,2016-11-30,49,6384.0,1.0,1277.1873857433113
244,2016-12-01,43,6450.0,6.6,1290.387319678968
245,2016-12-02,46,8436.0,4.0,1687.5853317428177
246,2016-12-03,45,5748.0,-1.5,1149.9880223633475
247,2016-12-04,51,5532.0,-1.8,1106.7882385739258
248,2016-12-05,50,7674.0,-3.0,1535.1860944856912
249,2016-12-06,47,7422.0,0.3,1484.7863467313657
250,2016-12-07,55,7086.0,2.3,1417.586683058932
251,2016-12-08,60,6174.0,7.6,1235.1875959480403
252,2016-12-09,57,6120.0,7.8,1224.3876500006847
253,2016-12-10,56,6942.0,9.0,1388.7868271993175
254,2016-12-11,60,7098.0,7.2,1419.9866710472331
255,2016-12-12,70,7506.0,3.5,1501.5862626494743
256,2016-12-13,68,7116.0,1.9,1423.586653029685
257,2016-12-14,71,5934.0,3.9,1187.187836182016
258,2016-12-15,70,5118.0,2.7,1023.9886529775341
259,2016-12-16,62,5802.0,1.3,1160.7879683107028
260,2016-12-17,57,6642.0,-1.1,1328.7871274917873
261,2016-12-18,62,4692.0,4.1,938.7890793928412
262,2016-12-19,61,6798.0,4.4,1359.9869713397031
263,2016-12-20,51,6480.0,0.3,1296.387289649721
264,2016-12-21,49,5244.0,-0.1,1049.1885268546966
265,2016-12-22,49,6000.0,0.8,1200.3877701176727
266,2016-12-23,48,5496.0,3.2,1099.5882746090222
267,2016-12-24,44,5172.0,4.7,1034.7885989248896
268,2016-12-25,50,6030.0,7.4,1206.3877400884257
269,2016-12-26,61,6714.0,8.1,1343.1870554215946
270,2016-12-27,80,6828.0,6.3,1365.9869413104561
271,2016-12-28,91,6096.0,5.9,1219.5876740240824
272,2016-12-29,96,7326.0,3.4,1465.586442824956
273,2016-12-30,92,5478.0,-0.2,1095.9882926265702
274,2016-12-31,66,5754.0,0.4,1151.188016357498
275,2017-01-01,60,6336.0,3.2,1267.5874337901066
276,2017-01-02,70,8550.0,0.3,1710.3852176316793
277,2017-01-03,74,8238.0,2.6,1647.9855299358478
278,2017-01-04,76,7902.0,2.5,1580.7858662634142
279,2017-01-05,76,8268.0,-3.0,1653.9854999066008
280,2017-01-06,71,6054.0,-6.5,1211.1877160650283
281,2017-01-07,81,7152.0,-5.4,1430.7866169945887
282,2017-01-08,88,6318.0,-2.3,1263.9874518076547
283,2017-01-09,89,5418.0,-1.1,1083.9883526850642
284,2017-01-10,80,5376.0,-1.5,1075.58839472601
285,2017-01-11,73,5976.0,-2.5,1195.5877941410704
286,2017-01-12,55,6414.0,3.3,1283.1873557140643
287,2017-01-13,47,5496.0,1.5,1099.5882746090222
288,2017-01-14,49,4668.0,0.2,933.9891034162388
289,2017-01-15,53,4074.0,0.2,815.1896979953291
290,2017-01-16,58,6300.0,-2.2,1260.387469825203
291,2017-01-17,52,6948.0,-4.2,1389.9868211934681
292,2017-01-18,50,4920.0,-4.7,984.3888511705642
293,2017-01-19,55,4938.0,-2.5,987.988833153016
294,2017-01-20,62,6870.0,0.1,1374.3868992695102
295,2017-01-21,58,5592.0,1.8,1118.7881785154318
296,2017-01-22,60,6618.0,0.4,1323.987151515185
297,2017-01-23,65,7248.0,-2.9,1449.9865209009984
298,2017-01-24,63,5400.0,-0.9,1080.3883707026125
299,2017-01-25,57,4860.0,0.2,972.3889112290582
300,2017-01-26,66,5196.0,0.7,1039.588574901492
301,2017-01-27,73,6330.0,-0.8,1266.387439795956
302,2017-01-28,62,5442.0,-2.7,1088.7883286616666
303,2017-01-29,64,5742.0,1.3,1148.7880283691968
304,2017-01-30,67,7212.0,0.8,1442.7865569360947
305,2017-01-31,56,5904.0,0.1,1181.187866211263
306,2017-02-01,48,6786.0,-0.2,1357.5869833514018
307,2017-02-02,50,8844.0,-1.3,1769.184923345059
308,2017-02-03,54,7494.0,1.7,1499.186274661173
309,2017-02-04,44,6666.0,2.4,1333.5871034683898
310,2017-02-05,48,5898.0,1.6,1179.9878722171125
311,2017-02-06,58,8844.0,-0.8,1769.184923345059
312,2017-02-07,60,6798.0,-1.2,1359.9869713397031
313,2017-02-08,65,8664.0,-3.8,1733.1851035205407
314,2017-02-09,60,6204.0,-4.1,1241.1875659187933
315,2017-02-10,66,7032.0,-3.1,1406.7867371115765
316,2017-02-11,62,7638.0,-2.4,1527.9861305207876
317,2017-02-12,58,7398.0,-2.2,1479.9863707547634
318,2017-02-13,62,5724.0,-2.9,1145.188046386745
319,2017-02-14,56,6816.0,-1.7,1363.5869533221548
320,2017-02-15,60,5868.0,3.3,1173.9879022463595
321,2017-02-16,67,7812.0,4.5,1562.785956351155
322,2017-02-17,63,7272.0,4.8,1454.7864968776007
323,2017-02-18,52,7464.0,3.7,1493.18630469042
324,2017-02-19,54,5268.0,4.5,1053.9885028312992
325,2017-02-20,57,5814.0,7.1,1163.187956299004
326,2017-02-21,58,5820.0,7.4,1164.3879502931547
327,2017-02-22,60,7056.0,7.3,1411.586713088179
328,2017-02-23,58,8088.0,6.9,1617.9856800820828
329,2017-02-24,64,6696.0,3.5,1339.5870734391428
330,2017-02-25,57,5388.0,3.3,1077.9883827143112
331,2017-02-26,57,5994.0,8.2,1199.187776123522
332,2017-02-27,58,6822.0,10.3,1364.7869473163055
333,2017-02-28,55,7338.0,8.9,1467.9864308132574
334,2017-03-01,53,10074.0,4.6,2015.1836921459326
335,2017-03-02,54,9246.0,5.4,1849.5845209531492
336,2017-03-03,50,8616.0,7.1,1723.585151567336
337,2017-03-04,47,6636.0,10.4,1327.5871334976368
338,2017-03-05,58,6288.0,9.5,1257.9874818369017
339,2017-03-06,61,8670.0,6.3,1734.3850975146913
340,2017-03-07,56,6948.0,2.8,1389.9868211934681
341,2017-03-08,52,8700.0,6.2,1740.3850674854443
342,2017-03-09,55,9030.0,7.2,1806.3847371637276
343,2017-03-10,61,8166.0,6.4,1633.5856020060405
344,2017-03-11,57,7548.0,4.8,1509.9862206085286
345,2017-03-12,61,6564.0,2.4,1313.1872055678296
346,2017-03-13,66,6174.0,4.6,1235.1875959480403
347,2017-03-14,57,7188.0,6.1,1437.9865809594924
348,2017-03-15,60,7686.0,9.6,1537.5860824739923
349,2017-03-16,61,6942.0,7.6,1388.7868271993175
350,2017-03-17,60,5724.0,7.7,1145.188046386745
351,2017-03-18,54,7620.0,6.1,1524.3861485383356
352,2017-03-19,58,6066.0,4.1,1213.5877040533294
353,2017-03-20,59,6486.0,11.1,1297.5872836438716
354,2017-03-21,58,8352.0,9.6,1670.7854158247094
355,2017-03-22,57,8412.0,7.1,1682.7853557662154
356,2017-03-23,56,7170.0,6.6,1434.3865989770404
357,2017-03-24,53,6918.0,7.8,1383.9868512227151
358,2017-03-25,48,6636.0,6.3,1327.5871334976368
359,2017-03-26,48,6756.0,6.9,1351.5870133806488
360,2017-03-27,56,8856.0,9.2,1771.58491133336
361,2017-03-28,56,8688.0,12.6,1737.985079497143
362,2017-03-29,59,8112.0,10.9,1622.7856560586852
363,2017-03-30,58,7728.0,13.2,1545.9860404330466
364,2017-03-31,58,8394.0,16.6,1679.1853737837635
365,2017-04-01,45,9774.0,16.5,1955.1839924384024
366,2017-04-02,45,6630.0,12.9,1326.3871395034862
367,2017-04-03,49,10170.0,8.7,2034.3835960523422
368,2017-04-04,52,9324.0,9.6,1865.1844428771071
369,2017-04-05,48,7770.0,9.8,1554.3859983921009
370,2017-04-06,43,7284.0,8.8,1457.186484865902
371,2017-04-07,38,8970.0,9.0,1794.3847972222216
372,2017-04-08,44,8844.0,11.0,1769.184923345059
373,2017-04-09,41,6084.0,13.3,1217.1876860357813
374,2017-04-10,45,9300.0,11.9,1860.3844669005048
375,2017-04-11,46,7962.0,7.5,1592.7858062049202
376,2017-04-12,46,8466.0,8.9,1693.5853017135707
377,2017-04-13,55,6360.0,8.7,1272.387409766709
378,2017-04-14,53,8220.0,8.6,1644.385547953396
379,2017-04-15,53,6876.0,7.8,1375.5868932636608
380,2017-04-16,54,7086.0,5.7,1417.586683058932
381,2017-04-17,59,9048.0,5.7,1809.9847191461793
382,2017-04-18,60,7932.0,4.7,1586.7858362341672
383,2017-04-19,67,8574.0,3.1,1715.1851936082817
384,2017-04-20,72,8016.0,4.6,1603.5857521522755
385,2017-04-21,69,8400.0,9.9,1680.385367777914
386,2017-04-22,61,8478.0,6.7,1695.985289701872
387,2017-04-23,71,7194.0,5.7,1439.1865749536428
388,2017-04-24,68,8184.0,8.4,1637.1855839884925
389,2017-04-25,69,8352.0,7.6,1670.7854158247094
390,2017-04-26,61,8874.0,6.6,1775.184893315812
391,2017-04-27,61,7368.0,6.4,1473.9864007840104
392,2017-04-28,63,7230.0,8.4,1446.3865389185464
393,2017-04-29,59,6468.0,6.7,1293.98730166142
394,2017-04-30,62,6984.0,8.2,1397.1867851583718
395,2017-05-01,64,10218.0,11.3,2043.983548005547
396,2017-05-02,69,8376.0,10.1,1675.5853918013117
397,2017-05-03,65,10050.0,11.9,2010.38371616933
398,2017-05-04,64,9582.0,8.7,1916.784184625583
399,2017-05-05,63,7140.0,10.6,1428.3866290062874
400,2017-05-06,54,9270.0,12.8,1854.3844969297515
401,2017-05-07,61,6966.0,12.7,1393.5868031759198
402,2017-05-08,59,8616.0,7.8,1723.585151567336
403,2017-05-09,54,9444.0,6.1,1889.1843227601191
404,2017-05-10,55,9066.0,8.0,1813.5847011286312
405,2017-05-11,55,8862.0,12.1,1772.7849053275106
406,2017-05-12,55,9420.0,15.5,1884.3843467835168
407,2017-05-13,54,7914.0,15.1,1583.1858542517152
408,2017-05-14,65,8592.0,15.4,1718.7851755907334
409,2017-05-15,77,8256.0,15.7,1651.5855119182997
410,2017-05-16,70,8178.0,15.5,1635.9855899943418
411,2017-05-17,70,6876.0,20.9,1375.5868932636608
412,2017-05-18,62,7242.0,22.6,1448.7865269068477
413,2017-05-19,55,7746.0,23.4,1549.5860224154983
414,2017-05-20,45,6534.0,15.8,1307.1872355970766
415,2017-05-21,48,6066.0,16.2,1213.5877040533294
416,2017-05-22,61,8766.0,17.1,1753.585001421101
417,2017-05-23,54,9606.0,18.5,1921.5841606021854
418,2017-05-24,51,8142.0,13.0,1628.7856260294382
419,2017-05-25,52,6750.0,13.8,1350.3870193864982
420,2017-05-26,58,7062.0,17.0,1412.7867070823295
421,2017-05-27,51,7290.0,20.8,1458.3864788600524
422,2017-05-28,58,8538.0,23.9,1707.985229643378
423,2017-05-29,57,8112.0,24.1,1622.7856560586852
424,2017-05-30,55,7098.0,22.1,1419.9866710472331
425,2017-05-31,52,9294.0,18.4,1859.1844729063541
426,2017-06-01,54,10830.0,15.3,2166.3829354089085
427,2017-06-02,57,9840.0,18.2,1968.383926374059
428,2017-06-03,56,7296.0,18.1,1459.586472854203
429,2017-06-04,48,8136.0,16.5,1627.5856320352875
430,2017-06-05,56,9876.0,16.1,1975.5838903389626
431,2017-06-06,61,8268.0,18.0,1653.9854999066008
432,2017-06-07,58,9630.0,15.0,1926.3841365787878
433,2017-06-08,54,9186.0,16.6,1837.5845810116432
434,2017-06-09,56,6924.0,20.4,1385.1868452168658
435,2017-06-10,54,9312.0,18.4,1862.7844548888058
436,2017-06-11,54,7812.0,22.5,1562.785956351155
437,2017-06-12,56,9174.0,19.7,1835.184593023342
438,2017-06-13,56,9852.0,16.6,1970.7839143623603
439,2017-06-14,55,8376.0,16.6,1675.5853918013117
440,2017-06-15,45,7452.0,21.2,1490.7863167021187
441,2017-06-16,50,7728.0,16.8,1545.9860404330466
442,2017-06-17,52,7596.0,16.6,1519.5861725617333
443,2017-06-18,64,6540.0,19.3,1308.3872295912272
444,2017-06-19,63,8370.0,23.9,1674.385397807161
445,2017-06-20,59,8490.0,23.0,1698.385277690173
446,2017-06-21,60,8892.0,18.6,1778.7848752982636
447,2017-06-22,53,8598.0,20.1,1719.985169584884
448,2017-06-23,55,6942.0,19.6,1388.7868271993175
449,2017-06-24,57,7662.0,19.3,1532.78610649739
450,2017-06-25,63,6054.0,18.0,1211.1877160650283
451,2017-06-26,64,7620.0,16.7,1524.3861485383356
452,2017-06-27,53,7764.0,17.1,1553.1860043979502
453,2017-06-28,54,8040.0,20.5,1608.3857281288779
454,2017-06-29,57,8160.0,18.2,1632.38560801189
455,2017-06-30,59,9060.0,16.0,1812.3847071344805
456,2017-07-01,51,8352.0,15.8,1670.7854158247094
457,2017-07-02,50,7860.0,15.8,1572.3859083043599
458,2017-07-03,60,8802.0,17.2,1760.7849653860046
459,2017-07-04,48,9228.0,17.1,1845.9845389706975
460,2017-07-05,49,10398.0,16.4,2079.983367830065
461,2017-07-06,46,7578.0,20.2,1515.9861905792816
462,2017-07-07,44,7314.0,20.0,1463.186454836655
463,2017-07-08,43,7398.0,19.5,1479.9863707547634
464,2017-07-09,46,7878.0,19.3,1575.9858902868116
465,2017-07-10,49,7200.0,18.9,1440.3865689477934
466,2017-07-11,47,7872.0,18.9,1574.7858962926612
467,2017-07-12,49,7524.0,17.4,1505.186244631926
468,2017-07-13,53,6960.0,15.2,1392.3868091817694
469,2017-07-14,59,9354.0,16.7,1871.1844128478601
470,2017-07-15,62,8808.0,16.8,1761.9849593801553
471,2017-07-16,71,8982.0,17.7,1796.7847852105226
472,2017-07-17,69,9336.0,18.2,1867.5844308654082
473,2017-07-18,66,9624.0,18.7,1925.1841425846374
474,2017-07-19,59,9534.0,22.1,1907.1842326723781
475,2017-07-20,56,7152.0,23.1,1430.7866169945887
476,2017-07-21,54,8052.0,21.6,1610.7857161171792
477,2017-07-22,51,8190.0,20.4,1638.385577982643
478,2017-07-23,55,7686.0,19.9,1537.5860824739923
479,2017-07-24,62,7530.0,19.7,1506.3862386260766
480,2017-07-25,59,8400.0,16.2,1680.385367777914
481,2017-07-26,61,7956.0,16.2,1591.5858122107695
482,2017-07-27,55,8400.0,18.1,1680.385367777914
483,2017-07-28,56,7104.0,18.1,1421.1866650413838
484,2017-07-29,52,8724.0,20.6,1745.1850434620467
485,2017-07-30,52,6324.0,25.2,1265.1874458018053
486,2017-07-31,73,7818.0,24.1,1563.9859503453056
487,2017-08-01,63,10476.0,24.0,2095.583289754023
488,2017-08-02,63,10068.0,21.9,2013.983698151782
489,2017-08-03,68,9372.0,22.5,1874.7843948303118
490,2017-08-04,66,7506.0,20.8,1501.5862626494743
491,2017-08-05,64,9672.0,17.6,1934.784094537842
492,2017-08-06,70,6654.0,17.0,1331.1871154800886
493,2017-08-07,68,9174.0,18.5,1835.184593023342
494,2017-08-08,63,9186.0,21.3,1837.5845810116432
495,2017-08-09,57,8712.0,22.2,1742.7850554737456
496,2017-08-10,57,8016.0,20.9,1603.5857521522755
497,2017-08-11,66,9426.0,17.1,1885.5843407776674
498,2017-08-12,62,7548.0,15.5,1509.9862206085286
499,2017-08-13,66,6408.0,17.6,1281.987361719914
500,2017-08-14,65,9360.0,19.2,1872.3844068420108
501,2017-08-15,69,8844.0,21.9,1769.184923345059
502,2017-08-16,66,9114.0,19.6,1823.184653081836
503,2017-08-17,59,9006.0,20.8,1801.5847611871252
504,2017-08-18,61,8796.0,21.1,1759.584971391854
505,2017-08-19,52,8748.0,17.2,1749.9850194386493
506,2017-08-20,61,8406.0,15.5,1681.5853617720647
507,2017-08-21,66,8316.0,15.1,1663.5854518598057
508,2017-08-22,76,8556.0,14.1,1711.5852116258297
509,2017-08-23,74,7602.0,14.9,1520.786166555884
510,2017-08-24,72,9156.0,17.2,1831.5846110408902
511,2017-08-25,75,7092.0,17.9,1418.7866770530827
512,2017-08-26,72,8880.0,18.8,1776.3848873099623
513,2017-08-27,68,7386.0,19.2,1477.586382766462
514,2017-08-28,73,7566.0,17.5,1513.5862025909803
515,2017-08-29,66,9546.0,20.2,1909.5842206606794
516,2017-08-30,62,6924.0,23.5,1385.1868452168658
517,2017-08-31,69,7710.0,20.8,1542.3860584505949
518,2017-09-01,78,9210.0,15.1,1842.3845569882455
519,2017-09-02,67,8922.0,14.7,1784.7848452690166
520,2017-09-03,66,9228.0,13.4,1845.9845389706975
521,2017-09-04,75,8178.0,13.8,1635.9855899943418
522,2017-09-05,76,8280.0,15.8,1656.385487894902
523,2017-09-06,83,8010.0,16.4,1602.3857581581249
524,2017-09-07,93,7338.0,14.1,1467.9864308132574
525,2017-09-08,89,6978.0,14.7,1395.9867911642211
526,2017-09-09,89,7584.0,16.1,1517.186184573432
527,2017-09-10,88,8586.0,15.9,1717.585181596583
528,2017-09-11,90,8070.0,15.4,1614.3856980996309
529,2017-09-12,78,8076.0,14.2,1615.5856920937815
530,2017-09-13,88,9654.0,13.9,1931.1841125553904
531,2017-09-14,82,6666.0,12.8,1333.5871034683898
532,2017-09-15,88,8604.0,13.0,1721.1851635790347
533,2017-09-16,74,8964.0,12.3,1793.184803228071
534,2017-09-17,79,6168.0,12.0,1233.9876019538897
535,2017-09-18,78,8946.0,12.1,1789.584821245619
536,2017-09-19,86,7224.0,11.7,1445.1865449243958
537,2017-09-20,92,8064.0,12.3,1613.1857041054805
538,2017-09-21,101,8514.0,13.4,1703.1852536667757
539,2017-09-22,106,7794.0,13.0,1559.1859743687032
540,2017-09-23,93,8922.0,11.7,1784.7848452690166
541,2017-09-24,94,6768.0,14.7,1353.9870013689501
542,2017-09-25,93,7116.0,14.1,1423.586653029685
543,2017-09-26,80,8670.0,14.6,1734.3850975146913
544,2017-09-27,76,7836.0,15.3,1567.5859323277575
545,2017-09-28,73,6690.0,15.7,1338.3870794449922
546,2017-09-29,83,8808.0,15.9,1761.9849593801553
547,2017-09-30,77,8304.0,14.7,1661.1854638715045
548,2017-10-01,81,9414.0,12.6,1883.1843527893661
549,2017-10-02,82,8484.0,12.6,1697.1852836960227
550,2017-10-03,88,8664.0,12.7,1733.1851035205407
551,2017-10-04,96,8820.0,12.1,1764.3849473684563
552,2017-10-05,86,9852.0,11.0,1970.7839143623603
553,2017-10-06,89,8232.0,9.9,1646.7855359416972
554,2017-10-07,81,6426.0,10.2,1285.5873437023656
555,2017-10-08,91,7014.0,10.0,1403.1867551291248
556,2017-10-09,95,9564.0,7.9,1913.1842026431311
557,2017-10-10,91,8670.0,11.6,1734.3850975146913
558,2017-10-11,88,7854.0,14.5,1571.1859143102092
559,2017-10-12,92,7050.0,13.6,1410.3867190940284
560,2017-10-13,88,6468.0,11.7,1293.98730166142
561,2017-10-14,75,6972.0,15.4,1394.7867971700705
562,2017-10-15,88,7908.0,15.7,1581.9858602575646
563,2017-10-16,96,9054.0,16.3,1811.18471314033
564,2017-10-17,94,7728.0,16.1,1545.9860404330466
565,2017-10-18,93,7518.0,12.9,1503.9862506377754
566,2017-10-19,93,8472.0,12.3,1694.7852957077214
567,2017-10-20,97,7434.0,13.2,1487.186334719667
568,2017-10-21,96,6966.0,11.6,1393.5868031759198
569,2017-10-22,95,7062.0,12.0,1412.7867070823295
570,2017-10-23,89,7596.0,10.1,1519.5861725617333
571,2017-10-24,81,8346.0,11.0,1669.5854218305587
572,2017-10-25,78,7608.0,14.5,1521.9861605500346
573,2017-10-26,77,7854.0,11.8,1571.1859143102092
574,2017-10-27,73,8502.0,10.4,1700.7852656784744
575,2017-10-28,64,6462.0,9.9,1292.7873076672693
576,2017-10-29,119,7764.0,7.7,1553.1860043979502
577,2017-10-30,64,9258.0,5.9,1851.9845089414505
578,2017-10-31,64,7200.0,7.1,1440.3865689477934
579,2017-11-01,57,9930.0,9.6,1986.383836286318
580,2017-11-02,60,8766.0,9.5,1753.585001421101
581,2017-11-03,62,9468.0,8.7,1893.9842987367215
582,2017-11-04,49,7650.0,8.1,1530.3861185090886
583,2017-11-05,61,7086.0,9.7,1417.586683058932
584,2017-11-06,64,7494.0,6.4,1499.186274661173
585,2017-11-07,64,7638.0,5.7,1527.9861305207876
586,2017-11-08,58,7128.0,7.3,1425.9866410179861
587,2017-11-09,73,6360.0,6.2,1272.387409766709
588,2017-11-10,68,6930.0,7.0,1386.3868392110164
589,2017-11-11,64,7170.0,5.0,1434.3865989770404
590,2017-11-12,61,6360.0,3.9,1272.387409766709
591,2017-11-13,61,8610.0,3.9,1722.3851575731853
592,2017-11-14,63,8322.0,3.2,1664.7854458539564
593,2017-11-15,68,7206.0,7.6,1441.586562941944
594,2017-11-16,65,7182.0,8.1,1436.7865869653417
595,2017-11-17,73,6870.0,5.6,1374.3868992695102
596,2017-11-18,65,6294.0,4.0,1259.1874758310523
597,2017-11-19,67,5724.0,4.3,1145.188046386745
598,2017-11-20,70,6126.0,4.1,1225.5876439948354
599,2017-11-21,70,7740.0,4.4,1548.3860284213479
600,2017-11-22,62,7674.0,8.4,1535.1860944856912
601,2017-11-23,59,6048.0,9.5,1209.9877220708777
602,2017-11-24,60,6402.0,9.4,1280.7873677257633
603,2017-11-25,52,6444.0,4.1,1289.1873256848176
604,2017-11-26,62,5532.0,3.3,1106.7882385739258
605,2017-11-27,72,6042.0,4.1,1208.787728076727
606,2017-11-28,70,7632.0,5.9,1526.786136526637
607,2017-11-29,67,6150.0,3.0,1230.387619971438
608,2017-11-30,67,7620.0,1.5,1524.3861485383356
609,2017-12-01,69,8082.0,1.4,1616.7856860879322
610,2017-12-02,62,6030.0,1.7,1206.3877400884257
611,2017-12-03,66,6312.0,0.0,1262.7874578135043
612,2017-12-04,76,7158.0,3.2,1431.9866109887394
613,2017-12-05,71,8406.0,6.2,1681.5853617720647
614,2017-12-06,66,7644.0,7.0,1529.1861245149382
615,2017-12-07,69,6954.0,6.0,1391.1868151876188
616,2017-12-08,59,6714.0,4.0,1343.1870554215946
617,2017-12-09,57,7338.0,1.2,1467.9864308132574
618,2017-12-10,66,6390.0,0.2,1278.387379737462
619,2017-12-11,68,6162.0,3.2,1232.787607959739
620,2017-12-12,67,7602.0,4.3,1520.786166555884
621,2017-12-13,69,6450.0,2.1,1290.387319678968
622,2017-12-14,79,6480.0,3.4,1296.387289649721
623,2017-12-15,83,5556.0,1.6,1111.5882145505282
624,2017-12-16,74,7620.0,1.8,1524.3861485383356
625,2017-12-17,75,5364.0,1.4,1073.1884067377089
626,2017-12-18,83,6096.0,0.5,1219.5876740240824
627,2017-12-19,82,5988.0,1.4,1197.9877821293717
628,2017-12-20,78,6714.0,3.1,1343.1870554215946
629,2017-12-21,83,7800.0,5.9,1560.3859683628539
630,2017-12-22,81,7062.0,5.6,1412.7867070823295
631,2017-12-23,65,7152.0,6.8,1430.7866169945887
632,2017-12-24,57,4854.0,9.6,971.1889172349075
633,2017-12-25,60,7692.0,8.4,1538.786076468143
634,2017-12-26,62,5814.0,4.9,1163.187956299004
635,2017-12-27,76,6558.0,3.2,1311.987211573679
636,2017-12-28,81,6978.0,2.6,1395.9867911642211
637,2017-12-29,75,7494.0,1.9,1499.186274661173
638,2017-12-30,71,6432.0,3.0,1286.7873376965163
639,2017-12-31,71,4908.0,9.2,981.988863182263
640,2018-01-01,64,9006.0,8.3,1801.5847611871252
641,2018-01-02,75,7224.0,4.4,1445.1865449243958
642,2018-01-03,74,6480.0,5.2,1296.387289649721
643,2018-01-04,80,6756.0,6.6,1351.5870133806488
644,2018-01-05,80,8436.0,6.5,1687.5853317428177
645,2018-01-06,76,7506.0,4.7,1501.5862626494743
646,2018-01-07,81,7476.0,1.2,1495.5862926787213
647,2018-01-08,90,8412.0,-1.6,1682.7853557662154
648,2018-01-09,83,8202.0,2.3,1640.7855659709442
649,2018-01-10,82,8460.0,2.8,1692.38530771942
650,2018-01-11,80,6834.0,2.1,1367.1869353046065
651,2018-01-12,82,7374.0,1.5,1475.186394778161
652,2018-01-13,73,6642.0,0.3,1328.7871274917873
653,2018-01-14,84,6756.0,-1.5,1351.5870133806488
654,2018-01-15,90,6804.0,0.5,1361.1869653338535
655,2018-01-16,90,8040.0,2.8,1608.3857281288779
656,2018-01-17,83,5742.0,1.2,1148.7880283691968
657,2018-01-18,86,8034.0,2.4,1607.1857341347275
658,2018-01-19,93,8088.0,2.4,1617.9856800820828
659,2018-01-20,78,5808.0,1.4,1161.9879623048535
660,2018-01-21,85,6864.0,0.2,1373.1869052753598
661,2018-01-22,75,5514.0,0.5,1103.1882565914739
662,2018-01-23,66,5838.0,2.4,1167.9879322756065
663,2018-01-24,69,6486.0,8.7,1297.5872836438716
664,2018-01-25,68,5334.0,9.1,1067.1884367669559
665,2018-01-26,65,6618.0,6.8,1323.987151515185
666,2018-01-27,65,6864.0,5.6,1373.1869052753598
667,2018-01-28,73,6390.0,7.4,1278.387379737462
668,2018-01-29,80,7416.0,9.2,1483.5863527372153
669,2018-01-30,81,5484.0,4.4,1097.1882866207209
670,2018-01-31,84,6438.0,5.4,1287.987331690667
671,2018-02-01,70,8400.0,3.7,1680.385367777914
672,2018-02-02,77,7938.0,2.5,1587.9858302283176
673,2018-02-03,63,8616.0,0.9,1723.585151567336
674,2018-02-04,71,7686.0,-0.2,1537.5860824739923
675,2018-02-05,70,7548.0,-0.8,1509.9862206085286
676,2018-02-06,69,7416.0,-3.3,1483.5863527372153
677,2018-02-07,69,6960.0,-1.3,1392.3868091817694
678,2018-02-08,73,7962.0,-3.9,1592.7858062049202
679,2018-02-09,66,8310.0,-2.0,1662.385457865655
680,2018-02-10,56,8010.0,0.7,1602.3857581581249
681,2018-02-11,66,6606.0,1.8,1321.5871635268838
682,2018-02-12,75,6576.0,1.1,1315.5871935561306
683,2018-02-13,58,7410.0,0.9,1482.3863587430646
684,2018-02-14,64,7038.0,-0.4,1407.9867311057271
685,2018-02-15,60,7176.0,-0.3,1435.586592971191
686,2018-02-16,75,5868.0,2.6,1173.9879022463595
687,2018-02-17,64,7788.0,2.3,1557.9859803745526
688,2018-02-18,65,7284.0,2.8,1457.186484865902
689,2018-02-19,67,8076.0,2.0,1615.5856920937815
690,2018-02-20,67,6678.0,0.5,1335.987091456691
691,2018-02-21,75,8784.0,0.3,1757.1849834035527
692,2018-02-22,68,5958.0,-0.2,1191.9878121586185
693,2018-02-23,71,8634.0,-2.8,1727.1851335497877
694,2018-02-24,71,5868.0,-2.7,1173.9879022463595
695,2018-02-25,79,5634.0,-4.8,1127.1881364744859
696,2018-02-26,79,6066.0,-5.6,1213.5877040533294
697,2018-02-27,80,8544.0,-8.1,1709.1852236375287
698,2018-02-28,85,8880.0,-8.7,1776.3848873099623
699,2018-03-01,78,10152.0,-8.5,2030.7836140698903
700,2018-03-02,80,8802.0,-8.0,1760.7849653860046
701,2018-03-03,72,7980.0,-6.6,1596.3857881873719
702,2018-03-04,74,7752.0,-2.3,1550.786016409649
703,2018-03-05,78,9588.0,2.7,1917.9841786197337
704,2018-03-06,69,8406.0,1.5,1681.5853617720647
705,2018-03-07,76,9462.0,1.1,1892.784304742571
706,2018-03-08,80,7368.0,4.8,1473.9864007840104
707,2018-03-09,87,7782.0,4.7,1556.785986380402
708,2018-03-10,76,8196.0,5.7,1639.5855719767937
709,2018-03-11,68,7704.0,11.0,1541.1860644564442
710,2018-03-12,68,9072.0,8.7,1814.7846951227818
711,2018-03-13,68,9480.0,8.9,1896.3842867250228
712,2018-03-14,78,7134.0,3.8,1427.1866350121368
713,2018-03-15,84,9306.0,3.0,1861.5844608946552
714,2018-03-16,82,7602.0,0.0,1520.786166555884
715,2018-03-17,72,7932.0,-3.1,1586.7858362341672
716,2018-03-18,74,7920.0,-2.4,1584.3858482458659
717,2018-03-19,76,8646.0,-1.5,1729.585121538089
718,2018-03-20,88,6708.0,-1.8,1341.987061427444
719,2018-03-21,94,8166.0,0.7,1633.5856020060405
720,2018-03-22,88,7116.0,2.5,1423.586653029685
721,2018-03-23,100,7290.0,2.7,1458.3864788600524
722,2018-03-24,84,6612.0,3.5,1322.7871575210343
723,2018-03-25,83,7248.0,5.2,1449.9865209009984
724,2018-03-26,74,7680.0,5.2,1536.3860884798416
725,2018-03-27,70,7470.0,3.9,1494.3862986845706
726,2018-03-28,69,6876.0,1.7,1375.5868932636608
727,2018-03-29,81,8190.0,4.9,1638.385577982643
728,2018-03-30,89,8526.0,5.4,1705.5852416550767
729,2018-03-31,72,8010.0,3.2,1602.3857581581249
730,2018-04-01,64,9522.0,1.3,1904.784244684077
731,2018-04-02,58,9642.0,4.8,1928.784124567089
732,2018-04-03,65,9048.0,12.7,1809.9847191461793
733,2018-04-04,62,10566.0,15.4,2113.583199666282
734,2018-04-05,65,7932.0,10.3,1586.7858362341672
735,2018-04-06,67,9654.0,7.2,1931.1841125553904
736,2018-04-07,68,8202.0,13.3,1640.7855659709442
737,2018-04-08,70,8268.0,14.9,1653.9854999066008
738,2018-04-09,74,9438.0,14.9,1887.9843287659685
739,2018-04-10,66,8580.0,17.1,1716.3851876024323
740,2018-04-11,70,7686.0,13.9,1537.5860824739923
741,2018-04-12,73,10080.0,16.6,2016.3836861400832
742,2018-04-13,72,8454.0,16.2,1691.1853137252697
743,2018-04-14,64,8490.0,13.1,1698.385277690173
744,2018-04-15,65,7782.0,15.1,1556.785986380402
745,2018-04-16,60,8160.0,11.8,1632.38560801189
746,2018-04-17,56,10068.0,13.1,2013.983698151782
747,2018-04-18,64,8352.0,16.4,1670.7854158247094
748,2018-04-19,64,7080.0,17.9,1416.3866890647814
749,2018-04-20,61,9534.0,20.3,1907.1842326723781
750,2018-04-21,57,9288.0,16.7,1857.9844789122035
751,2018-04-22,58,8760.0,17.3,1752.3850074269503
752,2018-04-23,57,8136.0,17.3,1627.5856320352875
753,2018-04-24,52,8412.0,12.7,1682.7853557662154
754,2018-04-25,55,9174.0,12.6,1835.184593023342
755,2018-04-26,58,9522.0,8.8,1904.784244684077
756,2018-04-27,55,8220.0,11.4,1644.385547953396
757,2018-04-28,54,8178.0,15.5,1635.9855899943418
758,2018-04-29,55,8412.0,18.0,1682.7853557662154
759,2018-04-30,60,9504.0,17.1,1901.1842627016251
760,2018-05-01,65,9714.0,12.6,1943.1840524968964
761,2018-05-02,74,8880.0,11.1,1776.3848873099623
762,2018-05-03,78,8652.0,13.9,1730.7851155322394
763,2018-05-04,76,9078.0,12.3,1815.9846891169323
764,2018-05-05,71,9642.0,13.6,1928.784124567089
765,2018-05-06,72,9882.0,16.0,1976.7838843331133
766,2018-05-07,70,10320.0,18.3,2064.383445906107
767,2018-05-08,55,9078.0,19.7,1815.9846891169323
768,2018-05-09,53,8358.0,20.8,1671.98540981886
769,2018-05-10,53,8562.0,20.6,1712.7852056199804
770,2018-05-11,55,8268.0,13.9,1653.9854999066008
771,2018-05-12,49,9432.0,17.1,1886.7843347718178
772,2018-05-13,56,8190.0,20.7,1638.385577982643
773,2018-05-14,63,8244.0,19.6,1649.1855239299985
774,2018-05-15,63,7992.0,15.6,1598.7857761756732
775,2018-05-16,60,9480.0,16.8,1896.3842867250228
776,2018-05-17,66,7518.0,16.4,1503.9862506377754
777,2018-05-18,68,9942.0,12.1,1988.7838242746193
778,2018-05-19,73,6822.0,16.3,1364.7869473163055
779,2018-05-20,78,8460.0,16.0,1692.38530771942
780,2018-05-21,78,9654.0,17.8,1931.1841125553904
781,2018-05-22,83,8442.0,19.2,1688.7853257369684
782,2018-05-23,80,7422.0,19.5,1484.7863467313657
783,2018-05-24,90,8814.0,20.1,1763.184953374306
784,2018-05-25,102,7572.0,21.0,1514.786196585131
785,2018-05-26,89,8136.0,20.2,1627.5856320352875
786,2018-05-27,88,7428.0,20.4,1485.9863407255164
787,2018-05-28,80,8862.0,25.1,1772.7849053275106
788,2018-05-29,70,8226.0,26.0,1645.5855419475467
789,2018-05-30,68,8064.0,24.6,1613.1857041054805
790,2018-05-31,67,7392.0,25.5,1478.7863767606127
791,2018-06-01,66,10752.0,24.1,2150.7830134849505
792,2018-06-02,60,8766.0,21.2,1753.585001421101
793,2018-06-03,71,9834.0,19.9,1967.1839323799084
794,2018-06-04,80,11370.0,20.9,2274.382394882463
795,2018-06-05,71,10020.0,18.2,2004.383746198577
796,2018-06-06,77,9180.0,18.4,1836.3845870174925
797,2018-06-07,77,8718.0,21.2,1743.985049467896
798,2018-06-08,78,8208.0,24.4,1641.9855599650948
799,2018-06-09,79,9318.0,25.6,1863.9844488829565
800,2018-06-10,90,7068.0,22.6,1413.9867010764801
801,2018-06-11,78,9012.0,19.8,1802.7847551812756
802,2018-06-12,72,10380.0,16.6,2076.383385847613
803,2018-06-13,80,10638.0,15.3,2127.983127596089
804,2018-06-14,78,8826.0,17.4,1765.584941362607
805,2018-06-15,85,8994.0,19.2,1799.184773198824
806,2018-06-16,82,8196.0,22.3,1639.5855719767937
807,2018-06-17,89,7488.0,21.3,1497.9862806670224
808,2018-06-18,86,8382.0,19.3,1676.7853857954624
809,2018-06-19,85,10452.0,20.6,2090.7833137774205
810,2018-06-20,90,9060.0,22.0,1812.3847071344805
811,2018-06-21,90,7902.0,17.0,1580.7858662634142
812,2018-06-22,91,7356.0,13.9,1471.586412795709
813,2018-06-23,86,9600.0,13.6,1920.3841666080348
814,2018-06-24,86,8148.0,13.1,1629.9856200235888
815,2018-06-25,100,10122.0,15.7,2024.7836440991373
816,2018-06-26,85,9948.0,16.6,1989.98381826877
817,2018-06-27,86,8070.0,19.6,1614.3856980996309
818,2018-06-28,82,9588.0,21.9,1917.9841786197337
819,2018-06-29,89,9510.0,21.7,1902.3842566957758
820,2018-06-30,90,7692.0,17.1,1538.786076468143
821,2018-07-01,81,9240.0,16.8,1848.3845269589985
822,2018-07-02,80,10416.0,17.6,2083.583349812517
823,2018-07-03,70,8694.0,20.7,1739.1850734912937
824,2018-07-04,60,8844.0,23.8,1769.184923345059
825,2018-07-05,63,8544.0,24.0,1709.1852236375287
826,2018-07-06,71,9462.0,18.7,1892.784304742571
827,2018-07-07,72,9420.0,18.8,1884.3843467835168
828,2018-07-08,78,8418.0,20.0,1683.985349760366
829,2018-07-09,83,9336.0,19.1,1867.5844308654082
830,2018-07-10,78,9768.0,16.8,1953.9839984442517
831,2018-07-11,84,9348.0,17.5,1869.9844188537095
832,2018-07-12,80,10572.0,17.3,2114.7831936604325
833,2018-07-13,66,9300.0,19.3,1860.3844669005048
834,2018-07-14,66,10050.0,18.4,2010.38371616933
835,2018-07-15,73,8742.0,19.2,1748.7850254444986
836,2018-07-16,70,9960.0,22.1,1992.383806257071
837,2018-07-17,62,9210.0,23.0,1842.3845569882455
838,2018-07-18,65,9354.0,22.4,1871.1844128478601
839,2018-07-19,75,9378.0,20.4,1875.9843888244625
840,2018-07-20,72,7740.0,20.6,1548.3860284213479
841,2018-07-21,65,8550.0,21.8,1710.3852176316793
842,2018-07-22,62,6978.0,22.6,1395.9867911642211
843,2018-07-23,69,8148.0,22.2,1629.9856200235888
844,2018-07-24,69,9396.0,24.2,1879.5843708069144
845,2018-07-25,69,8586.0,26.5,1717.585181596583
846,2018-07-26,78,8322.0,26.1,1664.7854458539564
847,2018-07-27,82,7872.0,25.9,1574.7858962926612
848,2018-07-28,77,7110.0,25.3,1422.3866590355344
849,2018-07-29,91,8376.0,23.4,1675.5853918013117
850,2018-07-30,92,8442.0,26.9,1688.7853257369684
851,2018-07-31,87,8394.0,29.0,1679.1853737837635
852,2018-08-01,75,9114.0,27.0,1823.184653081836
853,2018-08-02,79,9024.0,26.0,1805.184743169577
854,2018-08-03,77,9780.0,26.9,1956.383986432553
855,2018-08-04,64,8946.0,27.6,1789.584821245619
856,2018-08-05,61,9054.0,21.6,1811.18471314033
857,2018-08-06,68,8322.0,22.1,1664.7854458539564
858,2018-08-07,69,9108.0,27.6,1821.9846590876853
859,2018-08-08,74,8676.0,28.9,1735.585091508842
860,2018-08-09,75,7926.0,26.5,1585.5858422400165
861,2018-08-10,74,8406.0,20.5,1681.5853617720647
862,2018-08-11,59,7692.0,19.2,1538.786076468143
863,2018-08-12,63,8070.0,20.0,1614.3856980996309
864,2018-08-13,64,8016.0,22.8,1603.5857521522755
865,2018-08-14,58,10146.0,20.2,2029.5836200757396
866,2018-08-15,53,8304.0,19.8,1661.1854638715045
867,2018-08-16,56,9648.0,22.9,1929.9841185612397
868,2018-08-17,62,7842.0,24.6,1568.785926321908
869,2018-08-18,66,7470.0,21.1,1494.3862986845706
870,2018-08-19,75,9228.0,22.3,1845.9845389706975
871,2018-08-20,79,8304.0,20.8,1661.1854638715045
872,2018-08-21,71,9996.0,19.4,1999.5837702219746
873,2018-08-22,79,9354.0,21.2,1871.1844128478601
874,2018-08-23,83,9786.0,25.3,1957.5839804267036
875,2018-08-24,89,9072.0,20.0,1814.7846951227818
876,2018-08-25,82,9558.0,16.1,1911.9842086489807
877,2018-08-26,95,8712.0,14.7,1742.7850554737456
878,2018-08-27,90,9138.0,17.9,1827.9846290584385
879,2018-08-28,92,8652.0,17.6,1730.7851155322394
880,2018-08-29,80,8064.0,20.6,1613.1857041054805
881,2018-08-30,77,8244.0,17.2,1649.1855239299985
882,2018-08-31,87,9780.0,15.3,1956.383986432553
883,2018-09-01,84,10644.0,16.8,2129.18312159024
884,2018-09-02,83,10002.0,18.6,2000.7837642161253
885,2018-09-03,85,10656.0,23.3,2131.583109578541
886,2018-09-04,80,9270.0,20.2,1854.3844969297515
887,2018-09-05,82,10752.0,19.7,2150.7830134849505
888,2018-09-06,88,9966.0,19.9,1993.5838002512216
889,2018-09-07,91,9336.0,18.4,1867.5844308654082
890,2018-09-08,85,8970.0,16.5,1794.3847972222216
891,2018-09-09,94,8622.0,19.0,1724.7851455614864
892,2018-09-10,102,7896.0,19.6,1579.5858722692635
893,2018-09-11,90,9504.0,21.5,1901.1842627016251
894,2018-09-12,91,9606.0,20.5,1921.5841606021854
895,2018-09-13,97,8010.0,14.3,1602.3857581581249
896,2018-09-14,100,7662.0,16.0,1532.78610649739
897,2018-09-15,97,7746.0,15.6,1549.5860224154983
898,2018-09-16,93,9120.0,16.1,1824.3846470759865
899,2018-09-17,90,7680.0,18.7,1536.3860884798416
900,2018-09-18,89,8892.0,21.8,1778.7848752982636
901,2018-09-19,107,8040.0,22.3,1608.3857281288779
902,2018-09-20,116,8784.0,21.8,1757.1849834035527
903,2018-09-21,116,9108.0,19.3,1821.9846590876853
904,2018-09-22,102,9438.0,13.3,1887.9843287659685
905,2018-09-23,104,6420.0,10.3,1284.387349708215
906,2018-09-24,104,8700.0,9.4,1740.3850674854443
907,2018-09-25,106,9228.0,8.6,1845.9845389706975
908,2018-09-26,104,8364.0,12.1,1673.1854038130105
909,2018-09-27,106,7800.0,17.8,1560.3859683628539
910,2018-09-28,114,7278.0,12.2,1455.9864908717514
911,2018-09-29,100,7224.0,8.8,1445.1865449243958
912,2018-09-30,102,7734.0,10.5,1547.1860344271972
913,2018-10-01,100,9456.0,8.2,1891.5843107484204
914,2018-10-02,89,9036.0,7.8,1807.5847311578782
915,2018-10-03,94,8592.0,10.9,1718.7851755907334
916,2018-10-04,93,10188.0,11.2,2037.983578034794
917,2018-10-05,92,8964.0,15.1,1793.184803228071
918,2018-10-06,77,7764.0,16.0,1553.1860043979502
919,2018-10-07,85,7518.0,11.0,1503.9862506377754
920,2018-10-08,93,9990.0,9.1,1998.383776227824
921,2018-10-09,97,9870.0,12.0,1974.383896344812
922,2018-10-10,97,7896.0,16.0,1579.5858722692635
923,2018-10-11,103,7302.0,18.0,1460.7864668483537
924,2018-10-12,106,7506.0,17.7,1501.5862626494743
925,2018-10-13,93,9318.0,18.0,1863.9844488829565
926,2018-10-14,99,8124.0,17.8,1625.1856440469865
927,2018-10-15,102,7194.0,16.4,1439.1865749536428
928,2018-10-16,97,9300.0,14.1,1860.3844669005048
929,2018-10-17,97,9834.0,12.9,1967.1839323799084
930,2018-10-18,100,8874.0,11.0,1775.184893315812
931,2018-10-19,109,6852.0,9.0,1370.7869172870585
932,2018-10-20,98,6816.0,8.1,1363.5869533221548
933,2018-10-21,103,8832.0,8.8,1766.7849353567576
934,2018-10-22,102,7968.0,8.2,1593.9858001990708
935,2018-10-23,98,9468.0,8.7,1893.9842987367215
936,2018-10-24,90,7074.0,9.4,1415.1866950706308
937,2018-10-25,78,7512.0,11.2,1502.786256643625
938,2018-10-26,81,7092.0,10.3,1418.7866770530827
939,2018-10-27,79,8766.0,7.6,1753.585001421101
940,2018-10-28,87,7710.0,5.9,1542.3860584505949
941,2018-10-29,93,7662.0,4.8,1532.78610649739
942,2018-10-30,82,7164.0,13.3,1433.1866049828898
943,2018-10-31,85,8502.0,9.4,1700.7852656784744
944,2018-11-01,77,9174.0,8.7,1835.184593023342
945,2018-11-02,75,10140.0,8.8,2028.3836260815892
946,2018-11-03,70,7806.0,7.5,1561.5859623570045
947,2018-11-04,72,9168.0,9.2,1833.9845990291915
948,2018-11-05,75,7752.0,11.9,1550.786016409649
949,2018-11-06,62,9132.0,12.6,1826.7846350642878
950,2018-11-07,57,7638.0,10.8,1527.9861305207876
951,2018-11-08,58,7188.0,8.3,1437.9865809594924
952,2018-11-09,66,7722.0,8.7,1544.786046438896
953,2018-11-10,60,9150.0,9.0,1830.3846170467395
954,2018-11-11,67,8880.0,9.1,1776.3848873099623
955,2018-11-12,75,7614.0,11.8,1523.186154544185
956,2018-11-13,63,8322.0,10.2,1664.7854458539564
957,2018-11-14,61,7614.0,7.6,1523.186154544185
958,2018-11-15,66,7146.0,7.6,1429.586623000438
959,2018-11-16,78,6558.0,5.9,1311.987211573679
960,2018-11-17,71,6882.0,2.1,1376.7868872578115
961,2018-11-18,74,8610.0,1.2,1722.3851575731853
962,2018-11-19,88,9120.0,4.0,1824.3846470759865
963,2018-11-20,79,7200.0,2.4,1440.3865689477934
964,2018-11-21,72,8034.0,1.2,1607.1857341347275
965,2018-11-22,72,9060.0,1.1,1812.3847071344805
966,2018-11-23,73,6690.0,2.2,1338.3870794449922
967,2018-11-24,63,7812.0,1.8,1562.785956351155
968,2018-11-25,74,7740.0,4.4,1548.3860284213479
969,2018-11-26,72,8046.0,2.4,1609.5857221230285
970,2018-11-27,81,6810.0,0.0,1362.3869593280042
971,2018-11-28,78,8598.0,1.1,1719.985169584884
972,2018-11-29,78,7716.0,0.8,1543.5860524447453
973,2018-11-30,91,7518.0,1.0,1503.9862506377754
974,2018-12-01,72,9678.0,4.0,1935.9840885319927
975,2018-12-02,79,7812.0,6.9,1562.785956351155
976,2018-12-03,88,9486.0,10.9,1897.5842807191734
977,2018-12-04,90,7896.0,6.2,1579.5858722692635
978,2018-12-05,85,8076.0,2.4,1615.5856920937815
979,2018-12-06,81,8220.0,5.4,1644.385547953396
980,2018-12-07,84,8268.0,10.6,1653.9854999066008
981,2018-12-08,73,8292.0,7.2,1658.7854758832034
982,2018-12-09,74,6024.0,7.3,1205.187746094275
983,2018-12-10,87,8616.0,4.7,1723.585151567336
984,2018-12-11,88,6942.0,3.7,1388.7868271993175
985,2018-12-12,95,6516.0,2.7,1303.5872536146246
986,2018-12-13,101,8010.0,1.8,1602.3857581581249
987,2018-12-14,85,6552.0,0.6,1310.7872175795283
988,2018-12-15,72,6102.0,0.1,1220.787668018233
989,2018-12-16,83,5850.0,-0.2,1170.3879202639077
990,2018-12-17,94,8532.0,1.3,1706.7852356492274
991,2018-12-18,94,8238.0,4.1,1647.9855299358478
992,2018-12-19,100,8982.0,2.2,1796.7847852105226
993,2018-12-20,95,7620.0,4.2,1524.3861485383356
994,2018-12-21,106,5844.0,6.9,1169.187926269757
995,2018-12-22,85,5904.0,6.4,1181.187866211263
996,2018-12-23,76,6684.0,5.9,1337.1870854508416
997,2018-12-24,59,7392.0,1.9,1478.7863767606127
998,2018-12-25,58,7008.0,4.8,1401.9867611349741
999,2018-12-26,63,6744.0,5.7,1349.1870253923476
1000,2018-12-27,74,8316.0,5.2,1663.5854518598057
1001,2018-12-28,78,8652.0,6.1,1730.7851155322394
1002,2018-12-29,76,6006.0,5.9,1201.5877641118234
1003,2018-12-30,78,6120.0,6.2,1224.3876500006847
1004,2018-12-31,75,6318.0,5.3,1263.9874518076547
1005,2019-01-01,57,8382.0,6.5,1676.7853857954624
1006,2019-01-02,82,9672.0,1.9,1934.784094537842
1007,2019-01-03,83,7404.0,-0.5,1481.186364748914
1008,2019-01-04,83,9240.0,1.7,1848.3845269589985
1009,2019-01-05,73,7746.0,6.0,1549.5860224154983
1010,2019-01-06,75,7266.0,1.9,1453.58650288345
1011,2019-01-07,78,6798.0,3.3,1359.9869713397031
1012,2019-01-08,79,8952.0,4.9,1790.7848152397696
1013,2019-01-09,81,8934.0,2.1,1787.184833257318
1014,2019-01-10,74,8454.0,1.0,1691.1853137252697
1015,2019-01-11,85,8544.0,2.4,1709.1852236375287
1016,2019-01-12,71,7824.0,5.0,1565.1859443394562
1017,2019-01-13,71,7002.0,6.3,1400.7867671408235
1018,2019-01-14,75,8118.0,2.4,1623.9856500528358
1019,2019-01-15,71,7152.0,3.9,1430.7866169945887
1020,2019-01-16,72,9240.0,6.3,1848.3845269589985
1021,2019-01-17,75,7332.0,4.6,1466.7864368191067
1022,2019-01-18,71,7254.0,0.4,1451.186514895149
1023,2019-01-19,58,8166.0,0.3,1633.5856020060405
1024,2019-01-20,70,7440.0,-2.7,1488.3863287138176
1025,2019-01-21,72,8430.0,-3.2,1686.385337748667
1026,2019-01-22,72,8196.0,-2.6,1639.5855719767937
1027,2019-01-23,72,8850.0,-5.4,1770.3849173392093
1028,2019-01-24,73,6258.0,-3.8,1251.9875118661487
1029,2019-01-25,71,7284.0,-3.7,1457.186484865902
1030,2019-01-26,69,5760.0,0.8,1152.3880103516487
1031,2019-01-27,70,7512.0,4.4,1502.786256643625
1032,2019-01-28,80,8994.0,3.3,1799.184773198824
1033,2019-01-29,74,8532.0,1.2,1706.7852356492274
1034,2019-01-30,76,6354.0,0.3,1271.1874157725583
1035,2019-01-31,85,6276.0,1.0,1255.5874938486006
1036,2019-02-01,75,8292.0,-0.1,1658.7854758832034
1037,2019-02-02,56,7512.0,0.5,1502.786256643625
1038,2019-02-03,51,9012.0,1.0,1802.7847551812756
1039,2019-02-04,58,10710.0,0.9,2142.3830555258965
1040,2019-02-05,49,9204.0,2.3,1841.184562994095
1041,2019-02-06,57,8994.0,3.6,1799.184773198824
1042,2019-02-07,61,9984.0,3.1,1997.1837822336734
1043,2019-02-08,54,8226.0,5.7,1645.5855419475467
1044,2019-02-09,49,6924.0,7.8,1385.1868452168658
1045,2019-02-10,51,7566.0,6.7,1513.5862025909803
1046,2019-02-11,55,7656.0,4.4,1531.5861125032393
1047,2019-02-12,57,8508.0,2.9,1701.985259672625
1048,2019-02-13,62,7302.0,6.1,1460.7864668483537
1049,2019-02-14,55,7086.0,6.7,1417.586683058932
1050,2019-02-15,64,7002.0,5.7,1400.7867671408235
1051,2019-02-16,68,9036.0,7.5,1807.5847311578782
1052,2019-02-17,80,6126.0,6.4,1225.5876439948354
1053,2019-02-18,81,7764.0,8.1,1553.1860043979502
1054,2019-02-19,81,7638.0,6.5,1527.9861305207876
1055,2019-02-20,80,6972.0,7.1,1394.7867971700705
1056,2019-02-21,82,9480.0,8.1,1896.3842867250228
1057,2019-02-22,85,9318.0,3.4,1863.9844488829565
1058,2019-02-23,69,9042.0,0.8,1808.7847251520286
1059,2019-02-24,71,6384.0,3.9,1277.1873857433113
1060,2019-02-25,72,9324.0,5.8,1865.1844428771071
1061,2019-02-26,68,8568.0,5.5,1713.985199614131
1062,2019-02-27,67,9522.0,7.2,1904.784244684077
1063,2019-02-28,57,6762.0,7.2,1352.7870073747995
1064,2019-03-01,60,10608.0,4.3,2121.9831576253364
1065,2019-03-02,60,10620.0,4.0,2124.383145613637
1066,2019-03-03,65,10026.0,9.0,2005.5837401927276
1067,2019-03-04,67,9906.0,9.7,1981.5838603097156
1068,2019-03-05,62,9312.0,5.9,1862.7844548888058
1069,2019-03-06,66,8112.0,7.0,1622.7856560586852
1070,2019-03-07,59,9684.0,10.8,1937.1840825261434
1071,2019-03-08,56,9018.0,7.7,1803.9847491754263
1072,2019-03-09,51,8826.0,7.4,1765.584941362607
1073,2019-03-10,55,7254.0,4.5,1451.186514895149
1074,2019-03-11,58,8394.0,3.1,1679.1853737837635
1075,2019-03-12,62,9348.0,5.5,1869.9844188537095
1076,2019-03-13,70,10536.0,7.4,2107.583229695529
1077,2019-03-14,74,9120.0,5.8,1824.3846470759865
1078,2019-03-15,66,7944.0,7.6,1589.1858242224682
1079,2019-03-16,55,9906.0,6.8,1981.5838603097156
1080,2019-03-17,66,8616.0,8.4,1723.585151567336
1081,2019-03-18,69,7608.0,4.9,1521.9861605500346
1082,2019-03-19,74,9768.0,4.8,1953.9839984442517
1083,2019-03-20,75,10080.0,7.0,2016.3836861400832
1084,2019-03-21,77,9660.0,9.5,1932.3841065495408
1085,2019-03-22,71,8742.0,8.7,1748.7850254444986
1086,2019-03-23,68,7386.0,9.6,1477.586382766462
1087,2019-03-24,75,9294.0,6.5,1859.1844729063541
1088,2019-03-25,83,8724.0,4.6,1745.1850434620467
1089,2019-03-26,78,10008.0,4.8,2001.983758210276
1090,2019-03-27,85,7446.0,7.3,1489.5863227079683
1091,2019-03-28,88,9996.0,8.8,1999.5837702219746
1092,2019-03-29,91,8076.0,9.9,1615.5856920937815
1093,2019-03-30,83,7356.0,11.2,1471.586412795709
1094,2019-03-31,90,7134.0,8.1,1427.1866350121368
1095,2019-04-01,85,11850.0,5.7,2370.381914414511
1096,2019-04-02,81,10920.0,9.3,2184.3828453211677
1097,2019-04-03,79,11328.0,14.0,2265.982436923409
1098,2019-04-04,75,10260.0,15.4,2052.383505964601
1099,2019-04-05,67,9444.0,11.3,1889.1843227601191
1100,2019-04-06,57,9900.0,14.8,1980.383866315565
1101,2019-04-07,67,8034.0,14.3,1607.1857341347275
1102,2019-04-08,80,9786.0,11.4,1957.5839804267036
1103,2019-04-09,70,10050.0,6.9,2010.38371616933
1104,2019-04-10,68,10638.0,5.4,2127.983127596089
1105,2019-04-11,68,9036.0,3.9,1807.5847311578782
1106,2019-04-12,71,8256.0,3.5,1651.5855119182997
1107,2019-04-13,65,9264.0,4.6,1853.1845029356011
1108,2019-04-14,70,7188.0,6.0,1437.9865809594924
1109,2019-04-15,71,10746.0,7.9,2149.5830194908
1110,2019-04-16,71,8286.0,9.4,1657.5854818890527
1111,2019-04-17,73,9072.0,11.8,1814.7846951227818
1112,2019-04-18,81,9522.0,14.6,1904.784244684077
1113,2019-04-19,81,9312.0,15.6,1862.7844548888058
1114,2019-04-20,77,10008.0,13.8,2001.983758210276
1115,2019-04-21,78,9588.0,14.7,1917.9841786197337
1116,2019-04-22,81,8058.0,13.7,1611.9857101113298
1117,2019-04-23,89,10218.0,14.9,2043.983548005547
1118,2019-04-24,91,10692.0,17.6,2138.7830735434445
1119,2019-04-25,82,8862.0,19.2,1772.7849053275106
1120,2019-04-26,80,8532.0,18.8,1706.7852356492274
1121,2019-04-27,79,8670.0,13.0,1734.3850975146913
1122,2019-04-28,80,7314.0,10.2,1463.186454836655
1123,2019-04-29,80,9192.0,10.5,1838.7845750057938
1124,2019-04-30,76,10296.0,11.3,2059.5834699295046
1125,2019-05-01,69,10494.0,12.5,2099.1832717364746
1126,2019-05-02,70,9606.0,10.2,1921.5841606021854
1127,2019-05-03,74,11742.0,8.4,2348.7820225198
1128,2019-05-04,66,11334.0,6.8,2267.182430917559
1129,2019-05-05,75,10044.0,6.7,2009.1837221751796
1130,2019-05-06,67,10464.0,8.0,2093.183301765722
1131,2019-05-07,78,10944.0,8.5,2189.18282129777
1132,2019-05-08,80,10368.0,12.2,2073.983397859312
1133,2019-05-09,76,9648.0,13.8,1929.9841185612397
1134,2019-05-10,80,10638.0,12.7,2127.983127596089
1135,2019-05-11,69,8454.0,11.1,1691.1853137252697
1136,2019-05-12,78,8040.0,11.7,1608.3857281288779
1137,2019-05-13,82,10698.0,10.3,2139.983067537595
1138,2019-05-14,81,9480.0,8.9,1896.3842867250228
1139,2019-05-15,81,9528.0,8.6,1905.9842386782277
1140,2019-05-16,81,10866.0,9.5,2173.5828993738123
1141,2019-05-17,88,8790.0,13.8,1758.3849773977033
1142,2019-05-18,72,10524.0,17.9,2105.183241707228
1143,2019-05-19,78,8316.0,19.3,1663.5854518598057
1144,2019-05-20,84,9102.0,18.7,1820.7846650935348
1145,2019-05-21,66,8664.0,18.2,1733.1851035205407
1146,2019-05-22,76,9480.0,12.7,1896.3842867250228
1147,2019-05-23,86,8544.0,14.1,1709.1852236375287
1148,2019-05-24,81,8814.0,17.7,1763.184953374306
1149,2019-05-25,76,9846.0,13.1,1969.5839203682096
1150,2019-05-26,83,9882.0,16.2,1976.7838843331133
1151,2019-05-27,77,8790.0,18.3,1758.3849773977033
